Name,Age,City,Full Name,Department,Salary,Join Date
Erica,55,East Coreymouth,Erica Riley,IT,79044,2015-12-30
Kenneth,21,North Elizabethville,Kenneth Williams,Operations,67003,2020-09-15
Kevin,53,East Rubenville,Kevin Sims,Finance,40877,2018-04-27
Felicia,55,Tylerland,Felicia Price,Operations,88578,2018-10-20
Jeffrey,28,Ellisonport,Jeffrey Baxter,Operations,31078,2015-09-05
Derek,36,Hernandezport,Derek Davenport,Operations,38625,2020-01-30
Victor,20,Jameshaven,Victor Beck,IT,34470,2020-02-13
Amy,25,Port Patricia,Amy Chapman,HR,52590,2019-12-14
Michele,57,Kristenborough,Michele Palmer,IT,47298,2017-05-14
Amy,33,Laurenbury,Amy Hayes,IT,63798,2020-02-03
Shannon,60,East Kevinton,Shannon Williams,HR,35058,2017-11-04
Carl,23,Port Carolyn,Carl Wright,Operations,88861,2023-01-24
Joshua,21,East Sherribury,Joshua Nelson,Marketing,98422,2017-03-05
Linda,56,Danielfurt,Linda Williams,Finance,73956,2024-08-18
Christine,51,Paulafort,Christine Curtis,IT,48140,2017-12-23
Theresa,42,Vangburgh,Theresa Gonzalez,Finance,78662,2017-05-07
Nicholas,30,Wilsonburgh,Nicholas Gomez,Operations,66393,2020-05-28
Yolanda,59,East Alexismouth,Yolanda Mcguire,Finance,86686,2018-03-06
Cynthia,60,Banksland,Cynthia Abbott,Marketing,32060,2017-05-21
Brent,47,Brandonmouth,Brent Torres,HR,79548,2017-03-21
Christopher,58,Matthewfurt,Christopher Wright,Marketing,98725,2017-04-29
Nicholas,44,Susanside,Nicholas Carroll,IT,66861,2022-07-21
Michael,24,Sarahfurt,Michael Hobbs,Finance,85717,2018-05-24
Allen,32,New Terry,Allen Dunn,Operations,51588,2024-08-06
Jason,45,Allenstad,Jason Nelson,HR,71332,2022-06-13
Tyler,44,Heatherfort,Tyler White,HR,75865,2017-03-21
Linda,47,Mooreton,Linda Newman,Operations,73585,2019-11-27
Jason,39,Lake Erin,Jason Hester,HR,57790,2017-10-03
Erin,57,Margaretton,Erin Sanchez,IT,69573,2015-06-24
Stephanie,41,Brianbury,Stephanie Johnson,IT,59965,2021-04-16
Emily,33,Valerieshire,Emily Flores,IT,55839,2019-01-22
Rebecca,58,West Angela,Rebecca Edwards,Finance,64085,2022-11-13
Frank,36,Webbport,Frank Wright,IT,44674,2022-12-18
Brian,53,Port Lisa,Brian Callahan,IT,96165,2019-10-18
Diana,28,East Ariel,Diana Lowe,Finance,34170,2019-10-05
Sharon,25,Port Evanfurt,Sharon Carter,HR,52003,2022-06-25
Ivan,42,Lake Danny,Ivan Woodard,Marketing,30208,2019-11-26
Emily,22,North Devinfort,Emily Hill,Finance,64233,2016-04-14
Tammy,58,Port Steven,Tammy Smith,Marketing,56429,2018-06-30
Bonnie,39,Katherinefurt,Bonnie Carroll,Finance,61758,2016-12-02
Bryan,23,East Chad,Bryan Johnson,HR,53520,2015-07-20
Vanessa,48,Port Deborah,Vanessa Jefferson,HR,53095,2016-01-11
Amy,57,East Roger,Amy Walker,Operations,41573,2023-06-12
Jenny,33,Lake Dennisfurt,Jenny Cohen,Marketing,43420,2018-01-19
Sandra,22,Stephaniechester,Sandra Thompson,Operations,99215,2020-11-13
Stacy,23,East Jessicaview,Stacy Gomez,Operations,49430,2017-07-02
David,56,South Sarahport,David Luna,Operations,36485,2016-12-08
Brittany,36,Port Sharonchester,Brittany Cunningham,Marketing,92184,2025-02-22
Robert,40,Wrightview,Robert Carlson,Finance,30582,2016-08-24
Brent,35,Santosside,Brent Levine,Marketing,39802,2018-06-17
Sierra,57,Willisside,Sierra Jefferson,IT,38847,2020-11-25
Andrew,25,Tonyamouth,Andrew Hamilton,Marketing,79142,2020-01-18
Brandon,39,West Wendyville,Brandon Lopez,Operations,36781,2021-01-23
Joan,50,Dawntown,Joan Gutierrez,Marketing,51432,2022-11-13
Kimberly,21,West Jeremy,Kimberly Miller,IT,79075,2020-04-19
Linda,58,West Markborough,Linda Roberts,HR,92130,2015-06-12
Spencer,48,Port Carla,Spencer Taylor,Marketing,70351,2022-08-02
Jennifer,42,Hammondmouth,Jennifer Erickson,Operations,59064,2022-10-12
Frederick,20,South Amberchester,Frederick Boyer,Operations,68289,2024-02-22
Christopher,41,Crystalmouth,Christopher Small,Finance,75917,2025-03-14
Jeffrey,41,Dudleyhaven,Jeffrey West,Operations,73281,2021-07-30
Sharon,59,Porterstad,Sharon Green,IT,44783,2022-02-09
Michael,54,South Bradleyshire,Michael Carter,HR,79831,2015-11-15
Michael,57,East Joseph,Michael Banks,IT,94133,2021-08-04
Bruce,33,New Tracyshire,Bruce Cortez,Marketing,95081,2017-07-07
Charles,54,Hillhaven,Charles Luna,Finance,55372,2017-06-22
Frank,47,North Melissaberg,Frank Bates,HR,45274,2022-11-21
Megan,47,Port Alexandratown,Megan Parker,Marketing,42832,2020-01-23
Yvonne,59,New Donnaport,Yvonne Collins,Operations,83876,2017-09-13
Angelica,44,New Patricia,Angelica Kennedy,IT,69403,2020-03-11
Jennifer,20,North Dawnfurt,Jennifer Hebert,IT,60329,2020-11-04
Michael,25,Pinedafurt,Michael Brady,Operations,49493,2016-06-27
Christopher,34,West Howardport,Christopher Schmidt,Marketing,52412,2022-12-15
Maria,40,Phillipberg,Maria Briggs,Marketing,57751,2022-01-07
Erika,38,Port Jeffery,Erika Buchanan,Finance,74710,2024-11-28
Lisa,38,West Brian,Lisa Ramirez,Operations,50732,2024-08-02
Christina,53,Baileyfort,Christina Gardner,Operations,56483,2018-04-30
Angelica,60,Austinborough,Angelica Perez,Operations,55124,2022-01-20
Heather,45,Matthewbury,Heather Shaw,IT,82066,2020-04-02
Anthony,23,New Gabrielview,Anthony Prince,Operations,95557,2020-09-29
Allen,24,Westchester,Allen Farley,Operations,91550,2021-10-11
David,30,Ramoschester,David Waters,Finance,93032,2024-12-16
Shelley,33,Hoffmanmouth,Shelley Christensen,IT,63836,2022-09-07
Becky,26,Grayhaven,Becky Morgan,Marketing,48284,2016-07-25
David,60,New Timothy,David Garcia,Finance,30501,2024-07-23
Tonya,60,Stevensside,Tonya Kelly,IT,47397,2021-04-09
Mark,22,East Laurenburgh,Mark Thompson,IT,48221,2024-11-02
Roy,58,Daviston,Roy Rodriguez,HR,76489,2024-04-06
Jordan,34,Dixonton,Jordan Reed,IT,35725,2018-11-20
John,28,Richardsonborough,John Wagner,IT,97610,2016-06-02
Thomas,53,Port Rickychester,Thomas Allen,HR,46723,2018-11-30
Kelsey,51,Port Albert,Kelsey Morgan,HR,51228,2018-06-03
Annette,30,Juliehaven,Annette Cruz,Operations,99300,2021-11-17
Abigail,26,Stevenberg,Abigail Ross,Finance,37454,2023-06-22
Kathleen,38,New Lisa,Kathleen Robinson,IT,95602,2016-11-26
Brandon,52,East Sandraside,Brandon Matthews,Marketing,74553,2024-12-04
Stephanie,32,Randallstad,Stephanie Torres,Marketing,84218,2021-09-10
Chad,26,South Gregory,Chad Green,Finance,35336,2023-05-20
Jill,29,Finleyfort,Jill Gibbs,Finance,51942,2021-03-25
Steven,56,West Jeremy,Steven Howard,HR,31189,2022-07-27
Christopher,44,Andrewhaven,Christopher Berg,Marketing,35445,2023-10-13
Jared,46,Lake Joan,Jared Jackson,Finance,45162,2017-10-04
Cathy,30,South Johnbury,Cathy Benjamin,Marketing,72942,2018-12-15
Meghan,42,Cobbtown,Meghan Holloway,Finance,51360,2020-06-27
Kristen,37,Sandrastad,Kristen Keller,HR,76883,2023-06-11
James,55,North Theodoreshire,James Flores,Operations,96226,2023-03-03
Andrew,52,North Brianmouth,Andrew Rice,IT,69524,2019-04-26
Thomas,28,Carterberg,Thomas Stewart,IT,66882,2022-02-27
Madison,27,Simonville,Madison Cruz,Marketing,80382,2020-12-29
Annette,36,Kyleburgh,Annette Wilson,HR,55971,2019-08-04
Brian,42,Tranburgh,Brian Mathis,IT,93210,2017-11-28
Peter,43,Scottfurt,Peter Knight,IT,70112,2022-06-10
Teresa,51,Lake Jessica,Teresa Clarke,Marketing,79707,2017-10-24
Robert,59,Edwardsberg,Robert Salas,Operations,65220,2024-01-26
Austin,56,Port Thomas,Austin Chavez,IT,79019,2018-09-29
Sherry,47,New Teresaside,Sherry Franklin,Marketing,76643,2016-02-25
Aaron,31,Baileybury,Aaron Simpson,Operations,51824,2019-10-14
Aaron,54,South Michael,Aaron James,Operations,75229,2024-01-28
Kristina,21,Sherylbury,Kristina Collins,Finance,33622,2022-09-01
Carlos,52,Lake Aaronland,Carlos Gill,HR,98224,2020-11-17
Brian,46,West Dwayneshire,Brian Perkins,IT,83717,2017-08-19
Cody,24,West Matthew,Cody Vang,Finance,35805,2022-06-26
Jason,45,New Alanfort,Jason Campbell,Finance,42081,2023-08-16
Frank,26,North Anthony,Frank Mills,Finance,35557,2016-04-09
Anthony,27,Vincentfort,Anthony Ramirez,HR,72325,2022-01-27
Christina,37,Lake Gabrielside,Christina Olson,Finance,67217,2021-01-15
Theresa,37,Jessicafurt,Theresa Boyer,Finance,59222,2016-04-21
Natalie,52,New Julie,Natalie Mueller,Marketing,30545,2023-09-27
Eric,24,Lake Victor,Eric Ballard,Marketing,32873,2023-01-19
Todd,46,Williamsborough,Todd Esparza,IT,55483,2018-08-18
Michelle,25,Lake Carrieport,Michelle Lewis,Operations,72362,2019-10-13
Jimmy,27,Carpenterton,Jimmy Mcdonald,Operations,57709,2018-05-10
Michelle,57,Rogersborough,Michelle Aguilar,Operations,46713,2020-05-29
Paula,37,Taraberg,Paula Jones,IT,63808,2016-08-22
Brian,53,North Gregory,Brian Bryan,HR,77297,2024-04-04
Tyler,26,Lake Tracy,Tyler Mathews,Operations,55505,2021-06-09
Gerald,30,Johnborough,Gerald Cruz,HR,42325,2025-03-16
Amy,56,Lake Dana,Amy Ewing,IT,42176,2020-04-10
Michael,27,Lake Kimberlyville,Michael Harvey,Marketing,30788,2018-08-04
Carla,48,West Craig,Carla Daniels,HR,97051,2024-11-29
Robert,57,South Kendra,Robert Weiss,Finance,90092,2020-10-01
Kyle,55,South Cynthia,Kyle Ayala,HR,62858,2018-08-08
David,22,Williamsland,David Simmons,IT,85376,2016-11-19
Nathan,43,Andrewmouth,Nathan Wilson,Operations,76466,2023-01-21
William,43,Munozport,William Sanders,HR,36634,2021-12-10
John,53,Lake Jennifer,John Taylor,HR,62576,2021-06-26
Elizabeth,32,Lake Michelle,Elizabeth Reyes,IT,73671,2018-04-23
Adam,30,North Anthony,Adam Mccormick,Operations,42739,2023-03-12
Brenda,36,South Benjamin,Brenda Cameron,IT,41205,2019-07-31
Alice,53,Delacruzhaven,Alice Maldonado,IT,39726,2021-12-30
Timothy,34,Hoodside,Timothy Fowler,Operations,73577,2019-11-16
Nicole,39,Barkerville,Nicole Wagner,Finance,79510,2023-01-19
Karen,33,East Christophershire,Karen Turner,Finance,97257,2024-05-25
Paul,27,Youngview,Paul Hall,Marketing,86903,2016-03-05
Joshua,27,Jasminehaven,Joshua Adams,IT,61624,2016-08-24
Christopher,40,Wrightmouth,Christopher Thornton,HR,76385,2020-04-19
Dean,53,Rebeccaport,Dean Gillespie,Finance,66260,2021-03-18
Nathan,44,Krystalview,Nathan Hernandez,IT,70467,2022-12-12
Joseph,46,Beckerborough,Joseph Richardson,Operations,34880,2016-08-25
Derrick,55,North Jamesview,Derrick Walker,HR,56579,2024-07-20
Andrew,50,Smithhaven,Andrew Velasquez,HR,66140,2023-12-25
Donna,32,Wilsonfort,Donna Wright,HR,64858,2016-01-23
Steven,49,East Edwin,Steven Franklin,Finance,88540,2017-02-15
Jack,39,Adamstown,Jack Scott,Finance,68762,2016-11-02
David,60,Farrellport,David Ellison,IT,83707,2019-09-15
Yolanda,49,Jacksonburgh,Yolanda Collins,HR,66823,2020-09-24
Michael,39,Hendersonbury,Michael Smith,Operations,47578,2020-02-23
Hannah,35,Danielside,Hannah Stevenson,Finance,41863,2024-06-16
Brandon,47,Cunninghamton,Brandon Acosta,HR,50938,2016-04-17
Kevin,38,Lake Ronald,Kevin Whitehead,Finance,44940,2015-12-07
Angela,54,Davidland,Angela Delgado,Marketing,49807,2024-10-25
James,22,Stanleymouth,James Stewart,Marketing,47632,2018-04-22
Elizabeth,37,Kirbyfort,Elizabeth Walker,Finance,41395,2019-06-27
Casey,33,South Laurenport,Casey Hodge,HR,79185,2020-05-29
Marcus,38,Mullenstad,Marcus Barr,HR,70876,2016-03-18
Henry,29,Paulhaven,Henry Montgomery,Operations,57268,2019-03-20
Brandon,48,Port Paulchester,Brandon Bradley,Marketing,38812,2020-03-21
Jesus,58,South Beth,Jesus Harmon,HR,89597,2018-03-13
Juan,44,Royborough,Juan Gomez,Finance,71866,2024-09-30
Gary,54,Michaelbury,Gary Rivera,Operations,44300,2023-09-29
Anthony,48,South Melissaborough,Anthony Ali,IT,93283,2019-05-02
Stephanie,54,North William,Stephanie Livingston,IT,37139,2020-07-12
Juan,48,North Angela,Juan Graham,Marketing,71956,2022-02-24
Vicki,52,New Valerieview,Vicki Brown,Operations,79397,2016-09-21
Heidi,45,East Chelseafurt,Heidi Hanson,Finance,69825,2023-05-16
Caitlyn,28,New Matthewmouth,Caitlyn Young,Marketing,76752,2021-12-02
Christina,57,Juliefurt,Christina Simpson,Operations,41234,2016-04-04
Gregory,21,Erinshire,Gregory Perez,HR,30235,2019-06-08
Tony,30,Jonesmouth,Tony Johnson,HR,48127,2020-09-12
Jonathan,22,Romeroberg,Jonathan Cobb,HR,78401,2024-09-01
Alexandra,25,Lake Brenda,Alexandra Vasquez,Marketing,90198,2016-11-26
Meagan,52,Rodriguezchester,Meagan Brown,IT,80806,2022-10-08
Hector,40,New Cassandrafort,Hector Butler,Operations,69569,2021-01-15
John,25,New Kennethview,John Jones,Finance,87185,2017-05-16
Jonathan,37,Burnsshire,Jonathan Sanchez,IT,67480,2025-03-22
Stephanie,55,South Susanmouth,Stephanie Taylor,Operations,40457,2015-05-17
Michael,47,Bridgetville,Michael Byrd,HR,68485,2020-11-10
Julie,60,Dariusfort,Julie Martin,HR,75030,2022-10-10
Anita,32,Port Mary,Anita Rodriguez,Finance,34664,2024-08-03
Daniel,32,South Ryanton,Daniel Wilkins,Operations,92708,2017-12-19
Brian,33,Port Stephaniemouth,Brian Reed,IT,85338,2024-09-14
Robert,20,Maxmouth,Robert Cruz,HR,96467,2022-03-04
Gina,22,Port Luke,Gina Hill,Marketing,92939,2022-07-19
Edward,54,Bentleyside,Edward Jensen,Operations,31184,2020-06-12
Jason,22,New Hannah,Jason Holt,Marketing,94620,2021-08-30
Rebecca,54,Michaelhaven,Rebecca Martinez,IT,69020,2016-09-23
Dylan,57,Johnnytown,Dylan Hooper,IT,75630,2021-10-08
Valerie,43,Martinside,Valerie Ortega,IT,53024,2020-04-07
Donna,44,Jenniferhaven,Donna Cobb,Finance,38778,2022-01-10
Susan,36,Nicholasborough,Susan Newman,Finance,75319,2025-01-09
Eric,36,Williamsburgh,Eric Perez,IT,58868,2017-03-19
Scott,40,West Kyleborough,Scott Dominguez,Finance,33031,2020-08-06
Katrina,53,Lake Alexaview,Katrina Garcia,Marketing,33395,2023-07-11
Jennifer,56,Englishberg,Jennifer Campos,Finance,57098,2016-11-22
Michael,32,Lisamouth,Michael Campbell,IT,35673,2022-04-22
Jeremiah,48,West Christopherberg,Jeremiah Arnold,Finance,47278,2018-06-18
Manuel,54,East Brookeberg,Manuel Dickerson,HR,35210,2021-05-18
Joshua,34,Port Samuelfort,Joshua Green,Marketing,98650,2021-11-22
Shannon,26,Lake Dawnberg,Shannon Jackson,HR,37259,2020-05-22
Thomas,55,Taylortown,Thomas Levy,Marketing,32089,2019-09-08
Mario,59,Nicoleburgh,Mario Jackson,Finance,49774,2025-04-17
Mary,39,Karenstad,Mary Romero,HR,82400,2018-01-30
Shawn,38,East Alexander,Shawn Hill,Finance,98452,2019-12-25
Paige,43,Brookestad,Paige Forbes,Marketing,69124,2025-01-28
John,50,Taylorburgh,John Hunter,Finance,51917,2022-11-20
Kenneth,21,North John,Kenneth Combs,Finance,50123,2022-09-08
Stacie,44,Robertstad,Stacie Smith,Marketing,61570,2017-11-01
Cynthia,52,Brianborough,Cynthia Campbell,Operations,53564,2020-06-14
Susan,54,Vasquezshire,Susan Lewis,Operations,98428,2024-01-20
Joseph,51,Kentfort,Joseph Walsh,Finance,34474,2016-03-26
Michael,40,Lake Kim,Michael Farley,Marketing,36283,2016-09-16
Daniel,29,New Jennifer,Daniel Brown,IT,32343,2023-12-31
Keith,55,Catherinehaven,Keith Arnold,Finance,73506,2019-10-05
Brian,42,Port Heidi,Brian Ruiz,Finance,98818,2024-08-29
Katie,56,Lake Brittany,Katie Mcmahon,IT,74470,2017-02-07
Jennifer,51,South Brian,Jennifer Frank,Operations,51268,2015-06-28
Mike,45,Clarkchester,Mike Clark,Finance,56002,2024-03-08
Heather,39,North Cheyenne,Heather Burns,Operations,34645,2016-08-23
Nicole,55,Bryanton,Nicole Carney,HR,49448,2020-11-16
Jeanette,33,Lake Shane,Jeanette Rodriguez,IT,35150,2024-08-09
Brittany,21,Watsontown,Brittany Schmitt,Finance,53432,2021-09-15
Mark,50,Lake Reneeland,Mark Craig,Marketing,38466,2022-06-29
Dawn,40,Lake Isaac,Dawn Young,Finance,38860,2022-01-01
Joseph,50,Doughertyton,Joseph Baldwin,Finance,42687,2016-12-17
Benjamin,54,Lewisborough,Benjamin Ramos,IT,37860,2019-09-11
Joseph,25,East Mike,Joseph Adams,HR,67637,2018-12-22
John,44,South Hannahstad,John Barry,Operations,79546,2017-01-20
Matthew,20,Matthewbury,Matthew Scott,HR,30043,2018-06-08
Christopher,30,East Carlshire,Christopher Mcgee,Marketing,91835,2022-10-05
Kristen,59,Williamsport,Kristen Schwartz,Marketing,52952,2022-12-08
Katie,31,Jesseport,Katie Werner,HR,74268,2021-05-06
Daniel,56,Melissahaven,Daniel Bryant,IT,71499,2020-07-16
Jamie,50,South Sierraberg,Jamie Coleman,HR,83399,2021-06-13
Sarah,54,West Shirleystad,Sarah Day,HR,53006,2015-06-22
Nancy,26,Port Vanessaborough,Nancy Crane,IT,92538,2017-02-02
Elizabeth,21,Jadeburgh,Elizabeth Fuller,Operations,43801,2024-08-16
Leonard,29,West James,Leonard Peterson,IT,63191,2015-09-22
Andrea,32,New Loriton,Andrea Cannon,Operations,37815,2021-08-08
Alyssa,30,Port Sarahside,Alyssa Gonzalez,IT,65463,2017-10-08
Michael,28,Susanville,Michael Cooper,Marketing,96121,2024-11-26
Jennifer,50,East Margaret,Jennifer Todd,HR,37590,2019-12-25
Jacob,39,Amberburgh,Jacob Johnson,Marketing,65045,2024-05-02
Kim,33,Donaldberg,Kim Hernandez,HR,79778,2017-07-05
Wayne,50,Johnfurt,Wayne Rich,HR,53612,2018-10-27
John,31,Port Samuelmouth,John Robinson,HR,93225,2020-06-04
Brett,36,North Zachary,Brett Nielsen,Finance,77792,2021-09-05
Heather,38,West Sarahberg,Heather Rodriguez,Operations,68891,2018-03-27
Joshua,34,East Codyport,Joshua Hall,Operations,53037,2021-09-07
Cameron,50,Lopezberg,Cameron Brooks,IT,34967,2016-10-16
Nicole,42,Port Tiffany,Nicole Miller,Marketing,72475,2019-08-11
Ashley,47,Leonardchester,Ashley Hurley,Finance,58511,2016-12-20
Jose,52,Angelaview,Jose Evans,Operations,31781,2024-01-07
Juan,36,Saramouth,Juan Douglas,Finance,76691,2023-02-09
Paula,26,Port Jessicaview,Paula Smith,IT,71863,2022-02-21
Robert,32,Port Judyberg,Robert Bell,Marketing,55298,2018-09-09
Brent,51,New Bobby,Brent Randolph,Marketing,30590,2018-12-25
Jared,43,New Dianaville,Jared Atkins,Finance,82892,2022-02-19
Mark,47,Cranestad,Mark Ballard,IT,86023,2023-07-21
Carmen,24,South Deborah,Carmen Obrien,HR,54440,2016-06-27
Anthony,42,Port Monica,Anthony Roberts,Operations,56620,2022-08-31
Tyler,43,Kevinport,Tyler Sweeney,Finance,36343,2016-12-16
William,41,Stevenstown,William Lynch,Marketing,85198,2016-07-27
Samantha,20,East Michael,Samantha Williams,Operations,80274,2018-04-14
Donald,38,Olsonborough,Donald Brooks,Marketing,62367,2022-02-09
Carrie,58,North Alextown,Carrie Reed,IT,43048,2018-03-13
Timothy,32,Meyerfort,Timothy Underwood,Operations,42388,2023-05-25
Donna,51,Port Patrickchester,Donna Salazar,IT,45351,2020-04-15
Randy,43,East Tammy,Randy Hudson,HR,91751,2022-03-31
Kirk,34,Marcmouth,Kirk Frost,HR,99229,2021-08-09
Tyrone,34,West Lindsey,Tyrone Johnson,Finance,48059,2017-08-12
Ebony,27,North Michael,Ebony Hill,HR,62740,2020-11-22
Christopher,59,West Samantha,Christopher Martin,IT,99789,2025-02-04
Melinda,24,Johnsonmouth,Melinda Dean,Operations,61307,2025-03-03
Michael,31,Welchchester,Michael Ayala,IT,93457,2024-01-11
Robin,26,East Samanthachester,Robin Walker,Operations,88258,2021-12-16
Lindsay,53,New Claudiachester,Lindsay Baird,IT,37274,2018-12-16
John,58,East Staceymouth,John Crawford,IT,77164,2017-04-17
Thomas,27,Alanfurt,Thomas Mendoza,IT,63710,2017-03-18
Janet,48,Jennifermouth,Janet Wagner,Finance,34793,2020-09-28
Jeffrey,24,Lake Brandyfort,Jeffrey Gordon,IT,30261,2015-08-21
Megan,46,New Heiditown,Megan Wu,Marketing,62635,2022-03-18
Juan,41,East Margaret,Juan Mann,Operations,97354,2020-10-17
Charles,31,Katherineburgh,Charles Smith,Operations,50729,2019-10-07
Janet,36,Jenkinsmouth,Janet Warren,Finance,87519,2023-08-16
Lori,34,Schroederville,Lori Byrd,Marketing,48851,2025-04-14
Rebecca,53,Port Georgeshire,Rebecca Hunter,Finance,85187,2017-07-10
Vanessa,41,New Melissaburgh,Vanessa Cardenas,IT,60308,2024-08-02
Christopher,20,Carlamouth,Christopher Jackson,IT,45323,2015-07-22
Danny,56,North Stevenport,Danny Hernandez,IT,56675,2023-10-04
Alec,43,Leblancstad,Alec Jackson,HR,77958,2021-12-29
David,48,Amberbury,David West,Marketing,38776,2025-01-30
Hayley,36,Forbeston,Hayley Potts,Marketing,86287,2021-07-19
Deborah,41,Michaelbury,Deborah Watkins,Marketing,46346,2021-12-10
David,40,Grayburgh,David Bowman,Finance,31265,2016-05-09
Justin,27,New Robin,Justin Weber,Marketing,43965,2022-09-19
Jill,22,South Amandaberg,Jill Mata,IT,47512,2019-08-10
Jeffrey,22,North Alyssaside,Jeffrey Hernandez,HR,98351,2022-06-13
Emily,46,Claytonberg,Emily Brown,Finance,52240,2024-02-13
Samuel,29,New Kevinland,Samuel Harris,Operations,66666,2018-04-17
Thomas,34,Dixonbury,Thomas Cook,IT,37800,2020-07-23
Trevor,36,Danielsmouth,Trevor Morgan,Operations,63945,2016-12-12
Elizabeth,26,Lake Kelly,Elizabeth Murphy,Marketing,45252,2019-03-22
Betty,26,North Marilyn,Betty Garcia,IT,53058,2023-11-18
Mariah,38,East Beverly,Mariah Brown,HR,97076,2019-10-27
Tina,33,Roachfurt,Tina Diaz,HR,53971,2015-12-26
Dana,45,East Raymond,Dana Manning,Operations,43511,2020-09-07
Margaret,47,Marthamouth,Margaret York,HR,37848,2018-05-25
Jesus,38,New Stephanie,Jesus Ray,HR,83059,2024-01-24
Melanie,32,Lake Nicolehaven,Melanie Shelton,Finance,62044,2020-06-23
Lisa,42,Everettstad,Lisa Johnson,Operations,97009,2021-02-28
Carla,49,Alexiston,Carla Chen,Finance,67626,2024-07-04
Samantha,20,New Anthony,Samantha Nelson,IT,98308,2015-12-03
Samantha,53,North Julianmouth,Samantha Hamilton,HR,85715,2018-04-24
Angela,26,East Sarah,Angela Chavez,Operations,65072,2018-08-11
Anthony,49,Rodrigueztown,Anthony Smith,Marketing,89662,2017-01-22
Rachel,24,South Denise,Rachel Mcgee,Marketing,76130,2019-04-06
Kathryn,44,South Davidchester,Kathryn Alvarez,HR,38155,2021-08-02
Daniel,25,Smithland,Daniel Wilson,Finance,81929,2023-12-05
Dawn,49,Mckayland,Dawn Rivera,HR,62169,2018-09-15
Kathryn,39,North Nicole,Kathryn Hansen,IT,80021,2024-01-08
Jeffrey,51,Villastad,Jeffrey Matthews,HR,82681,2016-04-30
Jerry,33,Port Shellyburgh,Jerry Wilson,Operations,80334,2016-04-03
Mikayla,50,Theresaburgh,Mikayla Pierce,Operations,38848,2017-09-13
Lauren,56,Juliamouth,Lauren Johnson,HR,50428,2018-05-02
Joel,48,Sethburgh,Joel Boyle,HR,82960,2021-06-04
Daniel,30,Jonathantown,Daniel Smith,HR,67482,2022-06-20
Shannon,34,Billystad,Shannon Frazier,IT,90841,2023-10-08
Peggy,38,Lynnmouth,Peggy Swanson,Finance,97987,2023-02-19
Alyssa,50,Joanneville,Alyssa Jacobs,Finance,73668,2022-02-05
Joseph,55,East Brian,Joseph Church,HR,36126,2021-12-16
Darryl,52,Port Daniel,Darryl Simmons,Finance,71359,2018-01-03
Amanda,60,Hollyburgh,Amanda Prince,Marketing,43075,2019-07-13
Kenneth,39,Sharpchester,Kenneth Clark,Finance,39997,2016-12-09
Sarah,26,Blackland,Sarah Gonzalez,Operations,32702,2024-08-31
Samantha,51,Edwardton,Samantha Jordan,HR,36911,2018-05-10
Aaron,46,Jessicaview,Aaron Nelson,Finance,66809,2017-02-16
Erika,54,West Monica,Erika Diaz,HR,75187,2022-11-01
Candice,57,Hoganchester,Candice Leach,Marketing,85496,2024-03-18
Laurie,55,Reidhaven,Laurie Lowe,Marketing,34907,2016-02-12
John,20,New Denisehaven,John Schaefer,Marketing,43475,2017-05-14
Jonathon,24,East Tamara,Jonathon Greene,HR,93892,2017-07-28
Brian,26,East Angela,Brian Dodson,IT,38793,2024-03-26
Kayla,54,East Susan,Kayla Santiago,HR,78519,2024-07-18
Christian,47,New Morgan,Christian Lewis,Operations,76588,2015-10-09
Stephen,42,Markview,Stephen Martin,IT,66903,2022-10-09
Paul,23,Ramirezville,Paul Garcia,Operations,87986,2023-02-22
Timothy,50,East Cathy,Timothy Meza,Finance,85498,2019-04-04
Michael,45,Lake Carolyn,Michael Travis,HR,57723,2017-10-20
Jamie,47,Steveborough,Jamie Juarez,IT,74446,2022-10-01
Austin,20,Lake Jennifermouth,Austin Andrews,Operations,59301,2016-01-16
Stephen,37,East Juanton,Stephen Gilbert,Operations,51436,2019-10-31
Kristie,26,Bondton,Kristie Morrison,Operations,65791,2023-07-07
Antonio,28,West Jennifer,Antonio Martin,Operations,35925,2017-12-14
Ronald,38,Figueroashire,Ronald Hill,HR,91913,2024-04-01
Joshua,48,Taylorbury,Joshua Maldonado,Operations,80386,2021-08-15
Gabriel,30,Scottmouth,Gabriel Brown,HR,85295,2018-12-29
Jackson,31,Johnsonmouth,Jackson Miller,Finance,98336,2021-03-02
Brian,39,Frankfurt,Brian Wilson,Operations,74365,2024-01-24
Scott,23,East Daniel,Scott Jones,HR,97194,2015-08-26
Pamela,49,Quinnview,Pamela Levy,Operations,51940,2022-04-09
Steven,50,Thorntonborough,Steven Ford,Finance,34585,2019-07-23
Michael,57,Lake Isabella,Michael Harris,Finance,31673,2020-07-10
Nancy,59,West George,Nancy Graham,Finance,83846,2023-01-17
Janet,55,East Jose,Janet Wilson,Marketing,41653,2019-09-17
David,51,Port Martinburgh,David Curry,HR,44738,2018-04-21
John,45,Bobbyhaven,John Perry,HR,40947,2018-05-04
Julie,51,North Marc,Julie Miller,Marketing,30154,2021-03-17
Nicole,24,Danielton,Nicole Colon,Operations,56477,2021-11-24
Jeffrey,31,Jennaside,Jeffrey Mcdonald,HR,83592,2023-11-17
Patrick,41,Cassidyville,Patrick Barker,Operations,57404,2024-07-05
Savannah,41,Reginaldville,Savannah Graham,HR,72926,2023-10-04
Michaela,35,Christopherbury,Michaela Clark,HR,66165,2023-06-15
Sean,27,Port Andrewfort,Sean Martin,Operations,96925,2023-09-27
Ricky,43,Lake Jonathanberg,Ricky Simon,HR,31592,2015-08-01
Andrea,23,Gordonburgh,Andrea Rice,Marketing,56005,2020-01-29
Thomas,47,Fischerland,Thomas Martinez,Operations,33404,2023-07-06
Justin,40,Debraberg,Justin Dawson,IT,49525,2023-09-23
Virginia,42,Masonmouth,Virginia Gomez,HR,63701,2018-12-03
Gerald,60,West David,Gerald Adams,HR,45778,2020-07-17
David,32,Smithview,David Bennett,HR,52338,2016-12-07
Matthew,55,Howellshire,Matthew Howe,IT,62024,2016-09-18
Michael,37,North Stephen,Michael Fowler,Finance,66440,2023-09-08
Charles,32,Johnbury,Charles Morrison,Finance,76050,2021-03-29
Alyssa,57,Ayalaville,Alyssa Phillips,HR,82016,2024-06-29
Paige,26,South Nicholas,Paige Williams,Operations,41487,2016-05-21
Ryan,56,Smithborough,Ryan Chase,Marketing,37534,2019-04-30
Ronnie,42,Alexabury,Ronnie Peterson,Operations,45942,2022-11-08
Amanda,26,West Michael,Amanda Hernandez,Operations,82035,2017-12-31
Tanya,47,Heatherstad,Tanya Watson,IT,97540,2016-04-30
James,37,Shepardton,James Harvey,IT,79858,2017-03-23
Angela,56,New Samanthaview,Angela Osborn,Finance,58405,2024-03-22
Sarah,27,Sarahborough,Sarah Bell,IT,97042,2017-04-30
Andrew,22,Jamesmouth,Andrew Hughes,Operations,65253,2022-11-14
Samantha,43,West Joshua,Samantha Martin,Operations,69510,2019-05-26
John,26,East Edwardburgh,John May,HR,35368,2023-07-27
Anthony,46,New Brittany,Anthony Munoz,Operations,66331,2025-04-22
Tina,57,East Bryan,Tina Ware,Operations,67311,2021-10-01
Jeffrey,51,Port Micheleville,Jeffrey Macias,Marketing,97853,2018-02-11
Gina,33,Ashleyside,Gina Price,Finance,86232,2020-07-27
Brandon,32,Joseshire,Brandon Cline,Operations,71171,2021-01-06
Sheila,44,Schultzchester,Sheila Suarez,Finance,33251,2022-09-16
Jake,29,Lake Richard,Jake Thomas,Operations,90248,2018-10-10
Cassandra,33,Patrickview,Cassandra Myers,Finance,61458,2022-11-16
Ralph,26,Meltonmouth,Ralph Robles,IT,30177,2021-01-31
Robert,40,West Madisonland,Robert Weiss,Marketing,83509,2022-10-05
Julie,50,New Katherineborough,Julie Huff,IT,51369,2018-09-02
Lauren,26,Martinezstad,Lauren Arnold,HR,50491,2023-10-18
Jennifer,46,South James,Jennifer Williams,IT,30735,2016-08-27
Leroy,24,Ronaldland,Leroy Mcdonald,HR,55996,2017-12-27
Michael,38,Williamhaven,Michael Sloan,HR,79490,2015-07-09
Richard,35,Jacquelinestad,Richard Drake,Operations,77577,2019-10-14
Jason,50,Jessicaside,Jason Brown,Finance,66916,2021-09-16
Gregory,39,West Maryfurt,Gregory Lee,Finance,48095,2021-10-18
Kevin,53,South Robert,Kevin Rhodes,Operations,94108,2016-10-09
Taylor,34,Ryanfurt,Taylor Klein,Operations,43985,2017-04-20
Daniel,24,South Kelsey,Daniel Alexander,Finance,52473,2024-02-25
Juan,29,South Andrew,Juan Reyes,Marketing,47187,2019-12-09
Arthur,56,Welchtown,Arthur Martin,IT,98307,2021-03-31
Haley,22,East Dana,Haley Green,HR,76161,2019-07-28
James,34,New Tina,James Hensley,IT,42194,2024-03-16
Thomas,37,South Edward,Thomas Carrillo,IT,40120,2020-06-22
Christopher,53,Carrillofurt,Christopher Rosario,HR,58678,2020-05-17
Judy,41,Kathrynport,Judy Mclean,Marketing,76458,2023-10-21
Amy,54,Marybury,Amy Williams,HR,33535,2017-11-04
Jennifer,38,Grossmouth,Jennifer Perez,IT,70063,2017-12-16
Richard,60,North Michaelport,Richard Lee,IT,32402,2023-09-28
Linda,55,Nancyland,Linda Gordon,Operations,56459,2018-06-14
Joshua,25,North Joseph,Joshua Nelson,HR,63329,2022-04-25
Charles,36,West Austin,Charles Jones,IT,66246,2020-04-22
Jacob,42,West Christopherborough,Jacob Mack,IT,54802,2024-02-13
Virginia,30,North Elizabethchester,Virginia Cunningham,Finance,79226,2023-03-14
Jacqueline,53,Port Jonathanville,Jacqueline Miller,IT,78805,2015-10-05
Sarah,45,East Kellymouth,Sarah Morris,HR,98080,2023-10-23
Shawn,41,North Timport,Shawn Santana,HR,52767,2017-09-26
Christopher,56,East Frank,Christopher Vasquez,HR,31189,2017-10-24
Stephanie,45,Williammouth,Stephanie Hernandez,HR,75779,2024-06-02
Andre,36,West Michaelhaven,Andre Sanchez,Marketing,52922,2017-11-08
Renee,41,Reyesmouth,Renee Buckley,Finance,97746,2017-04-18
Henry,42,South Sabrinafurt,Henry Price,Finance,98327,2021-09-26
Christina,25,New Kimberlyville,Christina Bailey,Operations,99290,2022-09-16
Rachel,52,Torresside,Rachel Faulkner,Operations,65003,2019-09-15
Justin,50,Smithbury,Justin Allen,Marketing,85720,2020-05-04
Paul,46,Georgeport,Paul Terry,Marketing,41311,2020-05-01
Alexander,41,North Jessica,Alexander Carrillo,Marketing,83147,2022-12-21
Pamela,26,West Kellie,Pamela Bryan,Operations,38514,2019-12-30
Brandy,42,Johnnystad,Brandy Robertson,Operations,49383,2020-10-24
Krista,28,Smithhaven,Krista Fisher,Operations,34109,2023-11-01
Matthew,24,Williamhaven,Matthew Patterson,Operations,45286,2022-03-29
Lauren,49,North Elizabeth,Lauren Graham,Finance,79644,2023-08-12
James,20,Cameronton,James Hood,Finance,39423,2021-12-10
Sara,40,South Christopher,Sara Howard,Operations,76849,2022-01-29
Donna,29,Cunninghamside,Donna Brown,Operations,87504,2017-06-07
Timothy,47,Cynthiachester,Timothy Curtis,IT,47284,2017-05-05
Eric,42,North Michael,Eric Berry,Operations,69302,2024-06-03
Benjamin,45,Jeffreyside,Benjamin Trujillo,Marketing,68818,2024-09-25
Caitlyn,22,Lake Lauren,Caitlyn Summers,Marketing,99283,2016-12-08
Alyssa,46,North Paulville,Alyssa Gomez,Operations,63903,2022-03-18
Tyler,55,Elliston,Tyler Barber,Marketing,88836,2016-06-04
Angela,33,Anthonychester,Angela Harrison,HR,92877,2021-06-06
Marc,44,Donnaborough,Marc Gonzalez,IT,48336,2015-12-29
Frederick,41,Port Kirsten,Frederick Valencia,Operations,93796,2023-03-30
Kimberly,50,Jaimeville,Kimberly Parsons,HR,71114,2021-12-16
Philip,59,Richardchester,Philip Arias,Operations,56804,2020-06-01
Maria,29,Lake Lisa,Maria Mason,HR,96365,2022-06-21
Kevin,48,Lake Miaview,Kevin Hendricks,Finance,72371,2019-07-12
Kristy,27,Brenthaven,Kristy Doyle,Finance,73206,2019-02-05
Janice,36,Shawmouth,Janice Peterson,Operations,44027,2025-03-06
Thomas,25,Wilsonfurt,Thomas Ruiz,HR,78594,2018-02-10
Edwin,57,Jonesport,Edwin Chen,HR,89786,2023-07-04
Nicole,38,North Greg,Nicole Williams,Marketing,50512,2017-10-31
Margaret,53,Jeremiahland,Margaret Chang,Finance,63055,2019-02-05
Gregory,49,West Carlosfurt,Gregory Christensen,Finance,83155,2019-03-16
Caitlyn,34,South Kelly,Caitlyn Norris,IT,85419,2021-08-08
Lori,47,North Chadshire,Lori Walter,IT,52624,2018-12-20
Crystal,49,East Sarahbury,Crystal Sanchez,Marketing,65561,2018-06-21
Jesse,55,Lake Matthew,Jesse Larson,Marketing,60836,2024-12-12
Adam,29,Lake John,Adam Chang,HR,36256,2020-02-14
Jacqueline,23,Robertstad,Jacqueline Meyer,Operations,98546,2017-08-06
Lori,46,Reevesberg,Lori Rogers,HR,84590,2017-09-16
Katelyn,34,Crawfordhaven,Katelyn Lucas,Marketing,94163,2019-02-28
Katie,36,Mannfurt,Katie Casey,Finance,63050,2021-04-02
Brian,53,East Mistychester,Brian Jackson,IT,66756,2021-11-05
Anthony,20,South Daniel,Anthony Wang,HR,56514,2015-09-04
Ashley,60,Stephanieton,Ashley Rojas,HR,44238,2018-12-30
Amanda,28,South Karenbury,Amanda Joyce,Finance,89592,2018-11-15
Kayla,21,East Chadstad,Kayla Hale,HR,35806,2020-03-30
Sara,54,Wendyburgh,Sara Boyd,Marketing,57692,2019-07-19
Guy,32,Lauramouth,Guy Miller,Operations,82076,2019-08-01
Jeffery,31,South Jacobland,Jeffery Grant,Operations,31285,2022-11-07
Jason,55,Robertmouth,Jason Cook,Finance,38810,2019-04-19
Lindsey,39,Port Brianville,Lindsey Rivas,IT,31452,2016-11-10
Andrew,23,Port Andrea,Andrew Adkins,Operations,54302,2018-05-08
Michael,25,Michaelborough,Michael Black,Finance,94941,2018-06-05
Katie,40,Lawrencetown,Katie Williams,HR,86312,2020-10-01
Cynthia,29,East Melissaborough,Cynthia Miller,Marketing,60710,2015-08-20
Leah,51,Dawnland,Leah Pierce,IT,35054,2022-03-09
Jonathon,24,Martinezstad,Jonathon Reeves,Finance,79014,2015-06-26
Melissa,59,West Stephenport,Melissa Hubbard,IT,96652,2018-12-18
Marcus,33,New Jeffery,Marcus Reilly,Finance,41455,2022-08-21
Lauren,24,West Mandymouth,Lauren Davis,Finance,41503,2020-06-09
Brittany,22,West Janeton,Brittany Romero,IT,84518,2021-08-26
Angel,25,Lake Lisafort,Angel Mason,Marketing,78096,2018-12-22
Christopher,22,Lake Tammyshire,Christopher Watts,Finance,57215,2015-12-14
Justin,53,Carolfurt,Justin Martinez,IT,43176,2022-07-28
Suzanne,57,North Megan,Suzanne Livingston,Marketing,99935,2016-09-26
Samantha,33,Mendezmouth,Samantha Pena,IT,92615,2017-01-21
Ricardo,45,Lake Juliefurt,Ricardo Jones,Operations,38951,2021-12-06
Anthony,27,Lamborough,Anthony Perry,HR,41754,2018-10-16
Ryan,36,North Robert,Ryan Ortiz,Operations,98203,2022-01-18
Erica,52,Zacharyfort,Erica Owens,Marketing,75816,2022-07-24
Steven,43,North Calebview,Steven Mckenzie,IT,62211,2019-01-03
Cindy,50,Port Amanda,Cindy Clark,Operations,41850,2024-07-20
Teresa,33,Jamiemouth,Teresa Nash,IT,85439,2024-07-28
Erika,35,Maddenborough,Erika Brown,Marketing,52824,2022-02-18
Wayne,48,Malloryberg,Wayne Preston,IT,43438,2022-12-06
Sarah,55,Wesleychester,Sarah Robinson,Finance,56708,2019-03-28
Joseph,31,Shannonbury,Joseph Gill,Operations,83394,2018-07-29
Dustin,29,Port Christianton,Dustin Lambert,IT,85930,2019-06-10
Frank,44,East Thomaston,Frank Thompson,IT,44515,2018-01-31
Jason,44,South Anitafurt,Jason Romero,HR,81275,2022-06-02
Lisa,32,Davisfort,Lisa Brown,Operations,93908,2018-04-13
Ryan,38,Elliottfurt,Ryan Patterson,HR,61065,2023-09-24
Kelly,42,North Kathrynview,Kelly Williams,Operations,40772,2016-06-12
April,42,New Pamberg,April Willis,Marketing,94610,2020-08-14
Michael,56,North Julieport,Michael Miller,Operations,91308,2016-12-20
Stephanie,43,South Samuel,Stephanie Sanders,Marketing,79505,2024-03-22
Dylan,25,Russoside,Dylan Smith,Marketing,71936,2023-05-04
Amy,51,New Beth,Amy Weaver,HR,38283,2021-09-07
Gregory,38,Jonesview,Gregory Everett,Operations,70104,2023-08-27
Veronica,56,South Robert,Veronica Duran,Marketing,37735,2021-02-25
Daisy,36,North Angelaland,Daisy Kelley,Finance,99107,2023-07-12
Monica,55,Darrenville,Monica Carpenter,Marketing,84637,2021-08-07
Joshua,25,Fryefurt,Joshua Coleman,HR,58994,2015-06-23
Martin,51,Lindsayton,Martin Turner,Finance,67002,2024-04-01
Erin,40,West Jose,Erin Colon,Marketing,46304,2024-11-07
Alyssa,31,Lake Desiree,Alyssa Bryant,HR,59261,2020-06-28
Kathleen,26,Hayesfurt,Kathleen Bender,Marketing,85787,2020-10-24
Troy,38,Michaelmouth,Troy Gonzalez,IT,48256,2019-04-16
Sean,20,New Luis,Sean Esparza,HR,99030,2018-11-15
Robert,54,Riceborough,Robert Sullivan,Finance,88458,2022-06-14
Yvonne,37,Ashleyfurt,Yvonne Jones,IT,76106,2023-09-08
Mark,24,Oliverville,Mark Moss,Marketing,40511,2021-02-26
Whitney,47,South Matthewchester,Whitney Carlson,Marketing,50982,2022-10-30
Christina,50,Charlottehaven,Christina Robertson,Marketing,74296,2015-10-09
Rachel,52,Johnmouth,Rachel Wyatt,Operations,51576,2020-11-08
Michael,49,Kellifort,Michael Scott,Finance,56180,2025-02-28
Susan,29,Joshuaborough,Susan Wiggins,Operations,88400,2020-03-18
Karen,33,Kennedyport,Karen Newman,Finance,41641,2015-11-01
Troy,51,East Tiffanystad,Troy Clay,IT,94524,2025-03-30
Andrew,33,Port Timothy,Andrew Thomas,Finance,64719,2020-12-17
Robert,32,Port Joshuamouth,Robert Ingram,HR,81531,2022-01-14
Christina,58,North Lindsey,Christina Buckley,IT,72434,2018-09-24
Lauren,25,Scottborough,Lauren Hutchinson,IT,80568,2020-06-22
Katelyn,51,Andreachester,Katelyn Mitchell,Marketing,95691,2019-01-16
Evan,34,Fordport,Evan White,Finance,87066,2018-11-12
Kaylee,52,Castillomouth,Kaylee Edwards,Marketing,69709,2016-06-30
Melissa,43,Katieberg,Melissa Montgomery,Finance,30834,2015-05-13
Mark,28,Thomashaven,Mark Castro,Finance,91385,2022-01-04
Anna,27,Gregoryfurt,Anna Knight,Finance,96056,2017-01-24
Juan,45,East Peterport,Juan Thomas,HR,74242,2016-04-22
Martin,56,East Elizabeth,Martin Clark,HR,48034,2017-10-28
Joseph,37,Lake Patricia,Joseph Mack,Finance,54038,2025-03-31
Jerome,33,Littlechester,Jerome Graham,Operations,57926,2022-10-23
Philip,41,North Elizabethland,Philip Norris,Finance,55456,2023-04-13
William,59,Susanville,William Henry,Finance,97082,2023-06-02
Shannon,50,New Joseph,Shannon Brown,Operations,56830,2017-11-13
Anthony,29,South Stephaniehaven,Anthony White,Marketing,39456,2021-02-28
Nathan,42,New Anthony,Nathan Nelson,Marketing,47946,2021-12-15
Jennifer,29,Billyberg,Jennifer Decker,Marketing,39613,2023-07-08
Kathleen,30,South Arthurborough,Kathleen Daniels,Operations,73626,2016-07-24
Mitchell,34,West Robertfurt,Mitchell Cook,HR,71625,2020-10-27
Cole,31,Julieport,Cole Scott,IT,61582,2024-01-21
Pamela,25,North Anthonystad,Pamela Lamb,Finance,78254,2017-02-09
Christina,50,West Gregburgh,Christina Montgomery,Finance,58202,2025-02-23
Kaitlyn,59,East Isaiah,Kaitlyn Kelly,Marketing,64940,2024-10-29
Morgan,23,New Craig,Morgan Howard,IT,31305,2019-07-09
James,44,Kennedyhaven,James Potter,Finance,63336,2023-05-23
Helen,51,Kristinbury,Helen Edwards,HR,60272,2017-12-24
Elizabeth,31,North Oscar,Elizabeth Ingram,IT,90658,2023-02-25
Marisa,41,Gallegosville,Marisa Barry,HR,54187,2024-02-08
Christopher,38,Charleschester,Christopher Edwards,IT,75644,2018-09-10
Marcus,27,Thomasmouth,Marcus Dominguez,IT,48222,2022-10-21
Shannon,56,Jonathanside,Shannon Patel,Operations,80319,2022-06-23
Heather,44,North Jessicashire,Heather Dickerson,Operations,70680,2017-07-09
Tina,40,Christineport,Tina Alvarez,Operations,52798,2023-03-28
Megan,27,Lake Christopherfort,Megan Jackson,Marketing,84672,2021-09-10
Jason,52,Tinaport,Jason Brown,Operations,58548,2017-04-27
Maurice,47,East Kathleenport,Maurice Butler,HR,36522,2015-08-26
Andrew,47,Carrland,Andrew Terry,HR,49976,2017-09-16
Olivia,55,Fernandezberg,Olivia Graham,HR,53457,2022-06-24
April,60,Josephchester,April Long,IT,40785,2022-01-10
Amy,55,Janetshire,Amy Davenport,IT,52535,2025-02-23
Amanda,27,New Christopherview,Amanda Nelson,Operations,66004,2019-03-15
Robin,27,West Kimberly,Robin Stone,Operations,30088,2017-11-21
Kari,40,South Calebfort,Kari Walls,Operations,65305,2024-04-23
Julie,56,Georgeberg,Julie Jones,Operations,74081,2021-02-17
Amy,33,Lake Evanmouth,Amy Prince,Operations,98958,2023-08-13
Heather,30,Underwoodberg,Heather Davenport,HR,44773,2022-02-23
Barbara,46,New Jessica,Barbara Mullen,Operations,46105,2017-09-04
Ronald,29,Lake Michael,Ronald Ford,Operations,83987,2022-03-19
Jason,36,Kennethtown,Jason Faulkner,Operations,69153,2016-09-04
Lindsay,40,North Ryanmouth,Lindsay Grant,HR,41742,2023-11-25
Scott,48,Snyderchester,Scott Cain,Operations,44273,2018-11-14
Alison,29,Lake Troy,Alison Vasquez,HR,30146,2021-10-27
Shawn,53,South Jonathanside,Shawn Garcia,HR,91049,2021-03-19
Roberto,58,Lake Adam,Roberto Miles,Finance,50683,2018-05-06
Heather,58,Powellmouth,Heather Escobar,Finance,37299,2021-07-31
Teresa,46,Mendezville,Teresa Wheeler,Finance,42588,2023-04-09
Jonathan,50,Ericafort,Jonathan Matthews,Operations,56864,2023-05-02
Roberta,55,Arthurville,Roberta Snyder,HR,83755,2021-08-19
Jeremy,52,New Tamara,Jeremy Giles,HR,88443,2017-11-22
Michelle,27,Shepherdmouth,Michelle Farley,Finance,33134,2021-07-21
Michael,60,East Louiston,Michael Hernandez,Finance,93118,2022-02-08
Rachel,37,East Hectorborough,Rachel Griffin,Operations,50305,2024-10-22
Andrea,42,New Taylorton,Andrea Hendrix,Operations,77958,2025-03-28
Jessica,35,Smithview,Jessica Robbins,Finance,68513,2023-12-17
Jessica,58,East Steven,Jessica Bentley,IT,46634,2019-12-18
Kimberly,51,West Mikayla,Kimberly Sanchez,Operations,87929,2017-06-30
David,50,Patelburgh,David Wright,Finance,78068,2023-10-16
Stephanie,28,Roberthaven,Stephanie Bennett,HR,49901,2020-09-01
Danielle,52,South Ronaldchester,Danielle Davis,Marketing,95230,2023-04-12
Lisa,43,Lake Michaelton,Lisa Neal,Finance,37417,2021-02-04
Danielle,33,Port Barbarachester,Danielle Barnes,Finance,75691,2017-11-09
Douglas,30,Jessicastad,Douglas Cameron,IT,43286,2020-11-10
Charles,23,West Michaelmouth,Charles Mitchell,Marketing,62696,2024-12-18
Marcus,59,Williamsmouth,Marcus Heath,Finance,97758,2018-05-30
Lisa,60,Grossfurt,Lisa Oliver,Marketing,85529,2015-06-02
Sarah,50,Janiceton,Sarah Simmons,HR,32245,2020-01-24
Keith,48,Jenniferview,Keith Coffey,Operations,84716,2016-06-27
Sean,46,Riveraside,Sean Benton,HR,59720,2017-03-31
Justin,31,North Ruthstad,Justin Wood,IT,37607,2017-10-15
Daniel,48,Escobarport,Daniel Patel,HR,96575,2016-02-03
Chad,58,South Jacquelineton,Chad Mcclure,Finance,68123,2018-04-08
Christina,51,Valerieshire,Christina Schwartz,Finance,46611,2018-11-18
Dana,42,Port Ashleyhaven,Dana Brown,Finance,88267,2016-06-22
Amanda,23,Curtischester,Amanda Banks,HR,85855,2015-12-15
Joel,30,East Kevinborough,Joel Washington,Operations,52601,2022-01-31
Matthew,30,Melissaland,Matthew Gutierrez,Operations,96485,2023-06-02
Chase,33,Vasquezburgh,Chase Reid,Finance,49849,2020-12-12
Caroline,53,South Lisamouth,Caroline Liu,HR,73909,2023-07-29
Wanda,43,South Riley,Wanda Brown,HR,89458,2024-02-06
Patricia,37,Arielfort,Patricia Rocha,IT,32610,2017-12-27
Samantha,30,Hernandezberg,Samantha Cunningham,Marketing,37847,2020-09-10
James,45,North Nathan,James Johnson,Finance,51301,2021-08-11
Kevin,41,Davisfurt,Kevin Adams,IT,35587,2023-09-29
Jennifer,24,North Jacquelinebury,Jennifer Hanson,HR,77065,2023-08-29
Jeffrey,27,North Jasmineport,Jeffrey Zimmerman,IT,80708,2020-03-14
Zachary,36,South Sara,Zachary Lucas,HR,50590,2023-11-15
Jessica,35,Garciachester,Jessica Martinez,Finance,59522,2021-10-11
Tyler,38,Lake Jody,Tyler Gonzales,HR,94776,2020-12-12
Ricardo,46,Barrettstad,Ricardo Chavez,Operations,32803,2023-08-21
Kelly,39,West Lauren,Kelly Hobbs,HR,47189,2023-10-05
Steven,56,Lake Mary,Steven Watson,HR,53722,2017-10-20
Steven,42,Paulmouth,Steven Murphy,Finance,33512,2015-10-23
Hannah,58,Dunlapfort,Hannah Martin,Operations,42516,2024-12-06
Terry,27,New Stephenmouth,Terry Baker,Operations,31161,2018-12-14
Sarah,57,Lake Andreaton,Sarah Ray,Finance,81337,2023-10-17
Angela,23,Timothyshire,Angela Anderson,Operations,76899,2024-01-25
James,38,Gregoryside,James Sullivan,HR,68841,2025-01-07
Stacy,20,Traciville,Stacy Harris,Marketing,50710,2015-09-07
Tina,60,South Jessica,Tina Baird,HR,54202,2021-06-09
James,41,Dwayneton,James Jones,HR,36690,2022-11-04
John,24,West Danielchester,John Jennings,Marketing,48494,2020-06-25
Michael,38,Lewisside,Michael Ramirez,Operations,61465,2017-07-30
Patricia,55,Randallbury,Patricia Guerrero,IT,79397,2024-05-20
David,60,Port Stephen,David Miller,Operations,58716,2015-10-09
Adam,22,East Carmen,Adam Simpson,IT,69275,2021-08-18
Tara,50,North Jodiland,Tara Kim,HR,35126,2018-07-24
Whitney,41,Jamesstad,Whitney Huerta,Marketing,76325,2024-05-18
Monique,35,Erichaven,Monique Murphy,IT,92925,2020-06-16
James,38,Bobbystad,James Brooks,Finance,47349,2021-10-11
Nicholas,32,Wangtown,Nicholas Vega,Marketing,46694,2016-02-07
Kimberly,34,Dianaland,Kimberly Johnson,Marketing,63286,2024-05-15
Nathan,30,East Nicholasberg,Nathan Murphy,HR,96986,2015-09-19
Jean,21,South Wayne,Jean Nichols,Marketing,66087,2024-08-14
Shannon,41,Lake Jasonhaven,Shannon Anderson,Operations,51866,2020-11-04
Ann,55,Lake Melissa,Ann Williams,HR,47067,2019-02-08
Melissa,37,New Nichole,Melissa Forbes,Finance,38479,2022-01-01
Lori,52,Elizabethborough,Lori Hood,Marketing,71044,2020-11-16
Cameron,57,Calebshire,Cameron Hess,Finance,43134,2020-10-02
Amber,23,North Donna,Amber Gomez,IT,87601,2019-04-29
Amber,24,West Samuel,Amber Sanchez,Operations,40366,2024-02-24
Stephen,59,Lonniechester,Stephen Massey,HR,75250,2018-11-09
Paul,28,Colefurt,Paul Peters,IT,95514,2021-01-16
Leah,54,West Thomas,Leah Reyes,Operations,99690,2022-08-24
Lauren,22,Laneside,Lauren Harrison,IT,32607,2019-11-19
Virginia,56,South Kyle,Virginia James,Operations,93575,2019-09-07
Cynthia,32,Lake Thomasview,Cynthia Stewart,Marketing,61339,2024-12-28
Matthew,28,Lake Kristinborough,Matthew Barr,Marketing,49844,2017-05-25
Melissa,60,Jonesview,Melissa Brewer,Finance,96105,2020-03-10
Eric,31,Lake Monica,Eric Case,Operations,87712,2017-06-22
Robert,30,Jasonville,Robert Cole,IT,62047,2024-04-22
Christopher,37,Desireehaven,Christopher Butler,HR,30972,2023-09-19
Michelle,30,Holthaven,Michelle King,Operations,92051,2019-12-09
Alan,49,East Joseside,Alan Wiley,IT,83350,2019-10-22
Parker,20,Pennyview,Parker Lopez,Operations,95321,2024-09-10
Jennifer,21,Sandrafurt,Jennifer Chapman,HR,31230,2018-09-03
Shane,44,Willisborough,Shane Cross,IT,56823,2015-05-12
Wendy,25,West Gina,Wendy Jones,Finance,72886,2025-02-04
Angela,27,Millerchester,Angela Robertson,Marketing,63185,2017-06-09
Kim,43,Port Jamesside,Kim Powell,Marketing,94105,2019-06-10
Trevor,60,Jackfurt,Trevor Hernandez,Marketing,71684,2021-02-13
Bryan,53,Millerburgh,Bryan Mendoza,HR,95265,2019-10-14
Elizabeth,37,North Michaelland,Elizabeth Scott,Operations,46921,2019-06-06
Pamela,33,Emilyshire,Pamela Aguilar,Marketing,40547,2020-02-02
Victoria,39,Kennedyberg,Victoria Medina,Finance,42814,2020-02-06
Michelle,29,North Elizabethville,Michelle Morris,HR,97591,2019-10-05
Mark,45,Murphyport,Mark Myers,IT,37789,2019-09-09
Teresa,25,East Heather,Teresa Harper,HR,98874,2016-04-10
Cynthia,55,South Michael,Cynthia Lynch,Finance,81737,2018-05-20
Jeffrey,35,Carrollfort,Jeffrey Simmons,IT,66339,2016-05-27
Lauren,29,New Kyle,Lauren Smith,Finance,99248,2017-12-04
Alisha,37,Karenville,Alisha Barnett,Marketing,65729,2019-05-03
Michael,47,South Robin,Michael Roach,HR,74614,2017-01-29
Krystal,39,Tranfort,Krystal Wade,HR,87549,2023-08-29
Bradley,38,New Lindsayville,Bradley Lewis,HR,84909,2025-01-10
Kelly,38,Ritterborough,Kelly York,Operations,33034,2021-07-10
Ronald,57,Castilloville,Ronald Reese,HR,53268,2022-10-11
Daniel,53,South Alyssahaven,Daniel Gill,Marketing,34364,2021-02-04
Anthony,47,Lake Jamieland,Anthony Doyle,Finance,79934,2021-10-02
Angela,47,East James,Angela Howard,IT,33675,2020-07-03
Matthew,47,Ryanborough,Matthew Barajas,Marketing,97209,2021-06-01
Anne,47,New Brooke,Anne Martin,HR,50464,2018-11-18
Mary,40,Kimberlytown,Mary Walters,IT,42800,2020-12-03
Patrick,50,Millerhaven,Patrick Waller,IT,89491,2022-09-20
Julie,55,West Barbara,Julie Thompson,IT,82233,2025-02-20
Joshua,60,North Kevin,Joshua Weaver,Finance,36120,2025-02-05
Angela,25,Lake Dawnport,Angela Dillon,Finance,50091,2017-02-02
Shelly,26,West Melissa,Shelly Davis,HR,45121,2016-02-04
Brandon,24,Lake Madison,Brandon Acosta,IT,69110,2018-06-11
Kelsey,47,East Michelleville,Kelsey Johnson,IT,80095,2018-08-30
Lisa,56,East Jacobfurt,Lisa Fitzpatrick,Operations,94285,2020-02-14
Anthony,23,Mariaview,Anthony Holmes,Operations,44728,2020-11-25
Mallory,49,Bakerburgh,Mallory Johnson,Finance,38495,2015-08-31
Jason,29,Christinemouth,Jason Wilson,HR,65506,2024-06-17
Kathryn,27,West Sabrinaview,Kathryn Jones,Finance,41578,2018-02-12
Natasha,49,East Kristinfurt,Natasha Smith,HR,45679,2021-06-29
Monica,25,East Brandy,Monica Ho,Operations,50196,2020-12-17
Karen,25,Port Jacobfort,Karen Garcia,Marketing,62853,2020-08-28
April,52,Dawsonview,April Fuller,IT,38090,2025-04-03
Jessica,42,Mitchellfort,Jessica Gonzalez,Finance,91718,2018-08-19
Timothy,39,Lake Jennifer,Timothy Rivera,Finance,53239,2020-04-29
Paige,45,Peckport,Paige Benson,IT,57305,2020-03-29
Victoria,20,New Stephanie,Victoria Scott,IT,75069,2022-06-22
Michael,45,Hernandeztown,Michael Glover,HR,48241,2015-08-29
Geoffrey,34,Port Johnchester,Geoffrey Lyons,Operations,97140,2017-06-20
Alex,60,South Williammouth,Alex Cohen,Marketing,42829,2018-08-02
Philip,26,East Tylerfurt,Philip Reynolds,IT,54048,2025-01-18
Andrew,42,North Kimberly,Andrew Gomez,Marketing,49212,2019-06-05
Sarah,28,Port Matthewland,Sarah Wong,IT,32599,2015-10-17
Maria,34,Randallbury,Maria Stewart,Marketing,32537,2024-05-16
Gina,34,Port Lisaborough,Gina Johnson,HR,78926,2024-01-11
Marcia,25,South Raymondhaven,Marcia Hines,HR,94068,2024-04-10
Robert,40,North Brittanymouth,Robert Johnson,IT,52927,2016-09-10
Sheila,45,Robertview,Sheila Hutchinson,HR,30565,2016-01-13
Amy,41,West Barbara,Amy Mccormick,HR,90117,2016-01-30
John,36,Thomasmouth,John Evans,Finance,59444,2024-07-26
Brian,57,Combstown,Brian Ray,Marketing,30865,2018-08-29
Raymond,43,North Benjaminville,Raymond Wilson,Marketing,52804,2024-10-29
Joshua,49,Keithfurt,Joshua Brooks,IT,74620,2016-03-10
Aaron,52,North Susantown,Aaron Smith,Finance,32180,2023-09-11
Lisa,35,New Kimberlyview,Lisa Wolfe,Operations,69090,2022-03-07
Alexander,55,South Nicholas,Alexander Medina,HR,80974,2018-12-22
Marvin,51,Lake Juliaport,Marvin Robbins,Finance,67637,2020-03-01
Dana,41,West Valerie,Dana Ruiz,Marketing,50360,2017-10-10
Morgan,31,South Pamelaport,Morgan Hawkins,Marketing,87218,2019-09-10
Pamela,50,Martinezton,Pamela Manning,Marketing,50840,2019-10-24
Joshua,40,South Tanya,Joshua Heath,IT,71475,2021-04-24
Tina,56,Jacquelineville,Tina May,Finance,80643,2016-06-27
Jonathan,51,Cathyville,Jonathan Hughes,IT,74690,2025-01-25
Ryan,33,New Sherry,Ryan Charles,HR,55602,2016-06-24
David,45,Lake Christopher,David Roberts,IT,41045,2019-03-11
Maria,58,North Sherri,Maria Pearson,HR,69489,2017-01-16
Amber,53,North Paulafort,Amber Larson,Marketing,36003,2023-07-09
Bryan,23,West Rhonda,Bryan Lopez,HR,56528,2019-07-15
Michael,42,Jasonstad,Michael Simpson,Finance,66768,2019-06-01
Michael,36,Arellanobury,Michael Ibarra,IT,50460,2019-06-05
Amy,58,Marcusfort,Amy Morgan,HR,57820,2016-04-01
Sheri,55,Tinaburgh,Sheri Harrison,Operations,41885,2024-09-08
Audrey,29,Barnesfurt,Audrey Simpson,Finance,59000,2019-08-19
John,36,Aguirreborough,John Mcdonald,Finance,42764,2017-01-03
Sharon,37,North Jameshaven,Sharon Smith,Operations,51508,2020-07-30
Patricia,56,Laurabury,Patricia Rowe,Finance,74454,2024-12-18
Kristen,51,North Deborah,Kristen Rhodes,Marketing,97114,2021-12-02
Charles,49,Brownport,Charles Smith,IT,98195,2022-08-22
Jerry,25,Port Isaiahberg,Jerry Smith,IT,41314,2015-10-17
Christopher,32,Dannyberg,Christopher Powell,HR,82943,2020-05-30
Susan,21,East Jamesbury,Susan Holloway,Finance,96426,2021-11-17
Charles,37,Lake Antoniobury,Charles Russell,Marketing,75541,2024-08-12
Crystal,33,Amandaland,Crystal Kemp,Marketing,47360,2024-01-31
Michael,50,Paulland,Michael Miller,HR,41744,2019-08-12
Brett,22,East Kevin,Brett Wright,Marketing,63074,2022-01-28
Jerome,51,Danielsfort,Jerome Allen,Finance,71534,2017-08-15
Anna,52,New Stevenport,Anna West,HR,44034,2024-01-26
Laura,40,New Tiffanyside,Laura Martinez,Operations,73498,2022-12-02
Kelly,45,Port Oliviafurt,Kelly Perry,IT,73740,2019-12-21
Cody,20,Zamoraland,Cody Nguyen,Marketing,63820,2017-07-06
Donna,52,Loriborough,Donna Yates,Marketing,42585,2024-10-20
Jose,58,New Frankshire,Jose Shannon,HR,67613,2019-05-10
Jason,33,North Philipton,Jason Elliott,HR,49142,2016-05-04
Andrew,44,South Amberburgh,Andrew Hernandez,Marketing,63772,2022-02-27
Jennifer,52,Vasquezshire,Jennifer Marshall,Finance,44924,2020-07-02
Joseph,39,Williamhaven,Joseph Smith,IT,98681,2015-12-30
Betty,40,Leeside,Betty Williams,Marketing,77709,2024-10-31
Andre,23,South Richard,Andre Robinson,Operations,72254,2021-08-13
Ronald,60,Chaneyshire,Ronald Rodriguez,IT,32097,2024-11-23
Andrew,38,Ryanberg,Andrew Martin,Operations,30881,2019-05-14
Lindsay,43,Stacyfurt,Lindsay Miller,Operations,40800,2022-02-03
Michael,48,Owensbury,Michael Yoder,HR,86955,2019-12-08
Daniel,30,Dillonside,Daniel Cisneros,HR,67992,2016-02-08
Travis,55,Smithchester,Travis Thomas,Operations,36779,2019-12-17
Denise,21,West Angela,Denise Sweeney,IT,54331,2020-05-21
Gabriel,42,New Adamtown,Gabriel Graham,HR,81090,2021-04-17
Vincent,29,Lake Ashleyfort,Vincent Giles,IT,87281,2025-04-22
Thomas,27,Susanburgh,Thomas Turner,Operations,85131,2018-05-09
Alexander,45,Markburgh,Alexander Love,Finance,67042,2015-05-24
Stacy,22,Wheelerburgh,Stacy Sanchez,IT,43989,2018-05-05
Charles,32,Lake Carmen,Charles Williams,IT,58516,2018-06-19
Cindy,59,New Joseph,Cindy Gonzales,Operations,30308,2020-08-29
Steven,41,West James,Steven Hernandez,Finance,69182,2021-01-16
Melissa,60,Arthurshire,Melissa Hoffman,HR,39248,2017-01-31
Joseph,45,Lake Thomasbury,Joseph Friedman,HR,31616,2017-07-26
Dale,59,Newmanbury,Dale Robertson,Operations,74004,2021-02-08
Autumn,56,Barnesport,Autumn Hart,IT,45383,2015-07-15
Victor,37,Watsonburgh,Victor Park,IT,81256,2019-05-27
Margaret,38,Lake Thomasbury,Margaret Barker,IT,62501,2015-07-25
Christopher,23,Riverashire,Christopher Lopez,Operations,44298,2021-08-28
David,25,Lake Robinville,David Jones,IT,60552,2019-06-14
Jennifer,57,South Jacquelineberg,Jennifer Haynes,HR,89555,2017-04-15
Brian,26,East Edward,Brian Farrell,IT,66730,2023-05-30
Amanda,59,Schneiderfurt,Amanda Williams,Marketing,78232,2020-02-07
Brittany,27,East Brianna,Brittany Carpenter,Finance,67048,2016-01-15
Steven,36,East Zacharyfort,Steven Ayers,Operations,38269,2021-07-18
Brian,40,Lake Bradyland,Brian Jones,IT,51559,2024-03-14
Jillian,54,Joshuachester,Jillian Jones,Finance,42639,2017-08-16
Amy,49,North Andrew,Amy Riley,Finance,43915,2018-07-14
Kelly,29,Victoriastad,Kelly Robles,Operations,73667,2019-05-04
Jason,49,West Rachelmouth,Jason Fernandez,Marketing,96759,2016-06-09
Jason,60,Amyberg,Jason Baker,Marketing,53735,2017-04-24
Shelby,25,Christensenstad,Shelby Trevino,Finance,74596,2015-12-21
Rachel,44,South Michaelfurt,Rachel Adams,IT,95223,2021-04-08
Erica,44,New Michaelville,Erica Kent,Marketing,92151,2017-04-08
John,21,Cherylshire,John Klein,IT,99033,2019-10-15
Stephen,30,North Frederick,Stephen Miller,HR,46948,2024-06-27
Theresa,34,East Amy,Theresa Lucas,IT,70683,2017-04-02
Jose,59,Saundersborough,Jose Burton,HR,82446,2023-02-11
Tricia,35,Lake Kellyville,Tricia Coleman,HR,77501,2022-01-06
Jeffrey,34,East Jeremy,Jeffrey Burnett,IT,57924,2016-10-21
Jennifer,51,Potterberg,Jennifer Martinez,Finance,36793,2023-05-07
Michael,28,New Shannon,Michael Davis,IT,50022,2021-08-01
Anthony,21,Lake Richardstad,Anthony Vargas,Marketing,34436,2023-11-16
Jimmy,36,Kaiserton,Jimmy Ramirez,HR,79467,2022-04-10
Katie,23,West Steven,Katie Moreno,Marketing,62520,2018-12-26
Randy,40,Caldwellton,Randy Baker,HR,56468,2020-01-09
Christine,50,Richtown,Christine Petty,IT,97475,2023-04-04
Stephen,22,Delacruzburgh,Stephen Taylor,Operations,75244,2018-03-29
Pamela,39,North Joseph,Pamela Herrera,Operations,88874,2019-10-04
Natalie,29,New Manuel,Natalie Murphy,Marketing,80563,2025-04-07
Michele,30,East Scott,Michele Vasquez,Finance,34501,2021-11-24
Howard,23,West James,Howard Jones,IT,77933,2016-07-05
Michelle,52,Myersville,Michelle Gonzalez,Marketing,40788,2017-10-14
Kimberly,54,Williamshaven,Kimberly Graham,Marketing,71372,2018-12-02
Shelly,20,Davidstad,Shelly Glass,IT,70875,2025-01-28
Judy,58,North Donald,Judy Clark,HR,73793,2024-06-27
Melissa,46,Lake Robert,Melissa Watkins,HR,52222,2017-12-16
Joel,51,Jamesport,Joel King,Finance,34994,2023-05-26
Michael,58,East Tracychester,Michael Berry,Finance,98109,2019-05-29
Patricia,53,North Williammouth,Patricia Richards,IT,90517,2015-07-02
Sean,33,West Catherinetown,Sean Hanson,HR,50378,2016-01-18
Matthew,50,Palmerview,Matthew Duran,Finance,81101,2021-09-21
Adam,47,North Cory,Adam Steele,Finance,32558,2023-06-06
Cynthia,50,Port Michael,Cynthia Sanders,Finance,36876,2016-07-31
Stephanie,29,Oscarhaven,Stephanie Chavez,HR,69541,2023-02-24
Brandon,55,Elizabethside,Brandon Ramirez,Operations,46552,2015-12-14
Christopher,46,North Raymondstad,Christopher Guzman,HR,52826,2015-07-11
Timothy,32,South Brian,Timothy Greene,HR,36080,2022-02-11
Daniel,30,Duncanchester,Daniel Barajas,Finance,51557,2017-02-10
Samuel,20,South Crystal,Samuel Perez,Operations,95051,2015-08-09
Charlotte,46,West David,Charlotte Walters,Operations,35485,2023-10-21
Anthony,43,North Jessica,Anthony Stokes,IT,60013,2022-06-11
Laura,39,Adamfurt,Laura Ortega,Finance,39034,2016-03-03
Dan,31,Ingramberg,Dan Wilson,Marketing,94813,2018-08-07
Cassandra,43,Nancyland,Cassandra Morgan,IT,63951,2024-03-26
Jessica,43,Donaldhaven,Jessica Thomas,IT,80012,2024-03-19
Christina,56,Davilaside,Christina Thompson,Marketing,85112,2023-12-18
Miguel,26,Harringtonfort,Miguel Black,Marketing,84154,2020-04-14
Rebecca,25,Stevenshire,Rebecca Scott,Finance,73733,2019-01-19
James,32,East Maria,James Sloan,HR,76205,2022-04-05
Brian,45,Amandastad,Brian Davis,Operations,88075,2024-05-16
Elaine,41,Boydborough,Elaine Ramirez,Finance,66196,2019-05-17
Michael,59,Port Dustinfurt,Michael Russell,IT,61245,2021-11-04
Ruth,24,South Tyler,Ruth Stewart,IT,45731,2024-03-28
Karl,56,South Amberhaven,Karl James,Marketing,94402,2017-03-01
Samantha,46,Pittsfurt,Samantha Jackson,Operations,81370,2023-04-21
Deborah,31,Jenkinsbury,Deborah Sparks,IT,65952,2017-02-15
Todd,25,Lake Thomastown,Todd Cardenas,HR,96884,2016-03-19
Tina,39,Christopherborough,Tina Cole,IT,69017,2017-05-13
Natalie,56,Dianafurt,Natalie Carter,IT,69173,2022-06-26
Brandon,45,Davidland,Brandon Berger,Marketing,75938,2018-10-06
Pamela,37,North Michaelport,Pamela Garcia,Finance,97624,2020-01-13
Jonathan,59,Luisville,Jonathan Crane,HR,68979,2024-02-14
Angela,21,Chelseaborough,Angela Coleman,HR,47693,2024-09-17
Jenna,50,Jonesview,Jenna Neal,Marketing,60127,2020-08-17
Travis,47,New Cynthiaview,Travis Warren,Operations,65542,2018-04-26
Cody,40,New Amyshire,Cody Evans,Finance,93872,2022-11-21
Michele,57,South Richardport,Michele Koch,Marketing,56987,2015-11-05
William,41,West Amberton,William Allen,IT,94863,2019-05-07
Jessica,33,Josephmouth,Jessica Blankenship,Marketing,33557,2018-06-24
Brian,51,West Julie,Brian Harris,Finance,91292,2018-11-23
Michael,29,Katelynbury,Michael Quinn,Marketing,63092,2024-09-08
David,43,Maciasmouth,David Nelson,Operations,89728,2020-12-12
Cassandra,45,Lake Jessica,Cassandra Armstrong,IT,43987,2017-10-27
Anna,38,South Normahaven,Anna Salas,Marketing,51031,2017-03-26
Christopher,27,Troyfort,Christopher Powers,HR,58949,2023-01-26
Stephanie,34,Kyleburgh,Stephanie Le,Finance,39671,2017-01-21
Ashley,48,North Hollystad,Ashley Patterson,Finance,74766,2015-09-26
Robert,44,Lake Destiny,Robert Hanson,Marketing,53868,2024-07-03
Margaret,21,West Adam,Margaret Weaver,Operations,37355,2020-03-19
Jimmy,36,Tamiside,Jimmy Rodriguez,Operations,60498,2017-06-12
Stephanie,45,West Mark,Stephanie Mcdowell,HR,74961,2019-04-23
David,48,Jessicafort,David Molina,IT,39165,2022-10-29
Jeffrey,40,Blevinsside,Jeffrey Williams,Operations,83589,2024-06-04
Sarah,23,North Kimberlystad,Sarah Gregory,IT,82844,2021-10-17
Brett,50,Port Alexandraberg,Brett Clements,Marketing,38672,2022-01-02
Roy,43,Adamsbury,Roy Hooper,Finance,90548,2019-07-12
Mike,52,Robertland,Mike Lopez,HR,71734,2020-12-29
Timothy,25,South Judy,Timothy Bennett,Marketing,53594,2016-03-11
Amy,37,Allenside,Amy Patterson,Operations,32860,2015-11-26
Derek,43,North Daniel,Derek Brooks,Marketing,47120,2023-02-07
Clinton,52,Reginafurt,Clinton Clark,Marketing,64551,2021-05-10
Justin,38,Brewerton,Justin Harris,IT,52362,2017-12-25
Latasha,47,Hughesborough,Latasha Henry,HR,55938,2024-04-26
Michael,32,Flynnstad,Michael Espinoza,Marketing,52183,2021-05-24
Kevin,60,Carlashire,Kevin Terry,Operations,76213,2021-09-11
Kim,26,Carlland,Kim Duncan,Operations,67151,2018-04-08
Charles,28,Hamiltonchester,Charles Hunt,Finance,71862,2020-05-14
Courtney,42,Victoriaberg,Courtney Ramirez,Finance,96356,2020-02-13
Patty,23,Lake Kimberly,Patty Ochoa,HR,53847,2019-02-10
Mitchell,27,South Sharontown,Mitchell Kaufman,Marketing,95099,2021-02-13
Eddie,56,New Emilytown,Eddie Rosales,IT,35299,2019-07-14
Thomas,40,Tylerside,Thomas Cohen,Finance,63782,2021-03-15
Tina,24,Elizabethside,Tina Maynard,HR,92274,2021-05-21
Andrea,56,Torreschester,Andrea Wilson,Operations,34977,2018-09-26
Sarah,27,West Racheltown,Sarah Salazar,Marketing,50423,2017-10-05
Danielle,46,Kentbury,Danielle Jimenez,Finance,34206,2016-02-24
David,57,West Samanthafurt,David Morris,IT,82291,2024-06-13
Marcus,20,Schultzshire,Marcus Cowan,Marketing,50802,2015-05-12
Brandon,23,Lake Josephshire,Brandon Stevenson,IT,69688,2016-05-14
Melissa,26,Port Susan,Melissa Underwood,Operations,35330,2019-12-22
Dawn,35,Evansfurt,Dawn Williams,Operations,64675,2024-06-29
Kevin,21,Scottmouth,Kevin Hansen,IT,75136,2023-12-07
Gary,42,Port Timothy,Gary Thomas,Marketing,33221,2022-09-14
Larry,53,Catherineview,Larry Barr,Finance,56474,2021-06-03
Margaret,22,Kevinberg,Margaret Richards,HR,72492,2023-04-09
Nicholas,22,Gillbury,Nicholas Guerra,HR,96903,2022-01-14
Tonya,39,Arthurchester,Tonya Dyer,Operations,50777,2018-10-21
Virginia,38,North Heidistad,Virginia Nixon,Finance,59698,2023-06-08
Amy,47,Wrightshire,Amy Ford,Marketing,48147,2018-11-25
Tracy,41,Bradleyburgh,Tracy Hunt,HR,35795,2024-04-30
Elizabeth,21,West Paul,Elizabeth Fitzgerald,Operations,42400,2022-04-29
Christopher,23,South Stevenchester,Christopher Smith,IT,47513,2017-10-16
Mark,38,Velazquezmouth,Mark Sanford,Operations,49694,2017-04-16
Theresa,50,Smithshire,Theresa Glenn,Operations,94675,2025-01-27
Ariel,24,Stevenport,Ariel Sanford,Marketing,57893,2016-12-14
Nancy,31,Nixontown,Nancy Edwards,Operations,66632,2023-05-31
Jeremy,52,Gregoryside,Jeremy Lowery,Marketing,32293,2024-11-05
Michael,39,Michaelfort,Michael Avila,HR,32001,2024-05-14
Kenneth,41,Leahmouth,Kenneth Johnson,Marketing,44789,2017-09-25
Caitlyn,51,West Barbara,Caitlyn Petersen,HR,41926,2017-04-25
Brandon,33,South Donald,Brandon Williams,Finance,51441,2018-08-07
Bonnie,46,Williamfort,Bonnie Wallace,Operations,32013,2018-05-21
Jonathan,49,Bryanview,Jonathan Haas,Finance,44124,2017-03-24
April,48,Thomasburgh,April Johnson,Finance,62539,2022-06-08
Jeffrey,55,Louisshire,Jeffrey Jefferson,Finance,96097,2025-03-18
Rhonda,40,Lake Robert,Rhonda Griffith,IT,95957,2018-01-27
Julia,54,West Andrea,Julia Ellis,Finance,81521,2019-05-04
Joshua,58,Listad,Joshua Martinez,IT,31002,2022-11-27
Michelle,44,Tanyamouth,Michelle James,Finance,84397,2021-06-25
Joshua,20,Lake Lauratown,Joshua Kelly,HR,71352,2017-04-21
Margaret,35,East Brandon,Margaret Fernandez,Marketing,71134,2023-09-25
